{
  "urls": [
    "ch0.ogg",
    "ch0.m4a"
  ],
  "sprite": {
    "silence": [
      0,
      1000,
      true
    ],
    "AlienAppear": [
      1050,
      7691.224489795919
    ],
    "AlienButtonSpin": [
      9100,
      1478.7528344671196
    ],
    "BetMax": [
      11149.999999999998,
      792.2448979591827
    ],
    "SymbolCombine": [
      12199.999999999998,
      1420.8843537414975
    ],
    "SymbolShuffle": [
      14249.999999999998,
      736.5986394557815
    ],
    "SymbolSpaceShip": [
      15299.999999999996,
      2292.108843537413
    ]
  }
}