{
  "urls": [
    "ch1.ogg",
    "ch1.m4a"
  ],
  "sprite": {
    "silence": [
      0,
      1000,
      true
    ],
    "AlienButtonAppear": [
      1050,
      1252.7891156462586
    ],
    "BetDown": [
      3100,
      204.67120181405906
    ],
    "BetUp": [
      4150,
      183.5374149659863
    ],
    "ButtonBuy": [
      5200,
      1215.7142857142853
    ],
    "ButtonGo": [
      7250,
      5029.7732426303855
    ],
    "SymbolMeteor": [
      13300,
      544.6938775510208
    ],
    "SymbolsDrop": [
      14350.000000000002,
      1216.0317460317458
    ],
    "SymbolsDropInitial": [
      16400.000000000004,
      1585.260770975058
    ],
    "SymbolShuffle": [
      18450.000000000004,
      736.5986394557815
    ]
  }
}