{
  "urls": [
    "ch2.ogg",
    "ch2.m4a"
  ],
  "sprite": {
    "silence": [
      0,
      1000,
      true
    ],
    "AlienButtonSpin": [
      1050,
      1478.7528344671202
    ],
    "BetDown": [
      3100,
      204.67120181405906
    ],
    "BetUp": [
      4150,
      183.5374149659863
    ],
    "SymbolMeteor": [
      5200,
      544.6938775510199
    ],
    "SymbolMeteorIncrease": [
      6250,
      502.3129251700684
    ]
  }
}