{
  "urls": [
    "ch4.ogg",
    "ch4.m4a"
  ],
  "sprite": {
    "silence": [
      0,
      1000,
      true
    ],
    "BonusMusicLoop": [
      1050,
      11428.57142857143
    ],
    "MusicLoop": [
      13100.000000000002,
      13521.043083900224
    ],
    "MusicLoopTermLose": [
      27150,
      1267.777777777777
    ],
    "MusicLoopTermWin": [
      29200,
      4084.580498866213
    ]
  }
}