{
  "urls": [
    "ch7.ogg",
    "ch7.m4a"
  ],
  "sprite": {
    "silence": [
      0,
      1000,
      true
    ],
    "BonusTransition": [
      1050,
      9467.165532879819
    ],
    "ButtonPlay": [
      11100.000000000002,
      2125.0340136054415
    ],
    "SymbolPrizeIncrease": [
      14150,
      806.5532879818597
    ]
  }
}